pdb_i,H_str,L_str
1fvc,EVQLVESGGGLVQPGGSLRLSCAASGFNIKDTYIHWVRQAPGKGLEWVARIYPTNGYTRYADSVKGRFTISADTSKNTAYLQMNSLRAEDTAVYYCSRWGGDGFYAMDYWGQGTLVTVSS,DIQMTQSPSSLSASVGDRVTITCRASQDVNTAVAWYQQKPGKAPKLLIYSASFLYSGVPSRFSGSRSGTDFTLTISSLQPEDFATYYCQQHYTTPPTFGQGTKVEIKRT
1hkl,QVQLQQSGAELVKPGASVKLSCTASGFNIKDTYMHWVKQRPKQGLEWIGRIDPANVDTKYDPKFQDKATITADTSSKTTYLQLSSLTSEDTAVYYCASYYGIYWGQGTTLTVSSASTKGPSVFPLAPSSKSTSGGTAALGCLVKDYFPEPVTVSWNSGALTSGVHTFPAVLQSSGLYSLSSVVTVPSSSLGTQTYICNVNHKPSNTKVDKKVEPKSC,DIQMTQSPSSLSASLGERVSLTCRASQEINGYLGWLQQKPDGTIKRLIYAASTLHSGVPKRFSGSRSGSDYSLTISSLESEDFADYYCLQYASYPRTFGGGTKVEIKRTVAAPSVFIFPPSDEQLKSGTASVVCLLNNFYPREAKVQWKVDNALQSGNSQESVTEQDSKDSTYSLSSTLTLSKADYEKHKVYACEVTHQGLSSPVTKSFNRGEC
1hzh,QVQLVQSGAEVKKPGASVKVSCQASGYRFSNFVIHWVRQAPGQRFEWMGWINPYNGNKEFSAKFQDRVTFTADTSANTAYMELRSLRSADTAVYYCARVGPYSWDDSPQDNYYMDVWGKGTTVIVSSASTKGPSVFPLAPSSKSTSGGTAALGCLVKDYFPEPVTVSWNSGALTSGVHTFPAVLQSSGLYSLSSVVTVPSSSLGTQTYICNVNHKPSNTKVDKKAEPKSCDKTHTCPPCPAPELLGGPSVFLFPPKPKDTLMISRTPEVTCVVVDVSHEDPEVKFNWYVDGVEVHNAKTKPREEQYNSTYRVVSVLTVLHQDWLNGKEYKCKVSNKALPAPIEKTISKAKGQPREPQVYTLPPSRDELTKNQVSLTCLVKGFYPSDIAVEWESNGQPENNYKTTPPVLDSDGSFFLYSKLTVDKSRWQQGNVFSCSVMHEALHNHYTQKSLSLSPGK,EIVLTQSPGTLSLSPGERATFSCRSSHSIRSRRVAWYQHKPGQAPRLVIHGVSNRASGISDRFSGSGSGTDFTLTITRVEPEDFALYYCQVYGASSYTFGQGTKLERKRTVAAPSVFIFPPSDEQLKSGTASVVCLLNNFYPREAKVQWKVDNALQSGNSQESVTEQDSKDSTYSLSSTLTLSKADYEKHKVYACEVTHQGLRSPVTKSFNRGEC
1mim,QLQQSGTVLARPGASVKMSCKASGYSFTRYWMHWIKQRPGQGLEWIGAIYPGNSDTSYNQKFEGKAKLTAVTSASTAYMELSSLTHEDSAVYYCSRDYGYYFDFWGQGTTLTVSSASTKGPSVFPLAPSSKSTSGGTAALGCLVKDYFPEPVTVSWNSGALTSGVHTFPAVLQSSGLYSLSSVVTVPSSSLGTQTYICNVNHKPSNTKVDKRVEP,QIVSTQSPAIMSASPGEKVTMTCSASSSRSYMQWYQQKPGTSPKRWIYDTSKLASGVPARFSGSGSGTSYSLTISSMEAEDAATYYCHQRSSYTFGGGTKLEIKRTVAAPSVFIFPPSDEQLKSGTASVVCLLNNFYPREAKVQWKVDNALQSGNSQESVTEQDSKDSTYSLSSTLTLSKADYEKHKVYACEVTHQGLSSPVTKSFNRGE
1rz8,EVQLVESGAEVKKPGSSVKVSCKASGDTFIRYSFTWVRQAPGQGLEWMGRIITILDVAHYAPHLQGRVTITADKSTSTVYLELRNLRSDDTAVYFCAGVYEGEADEGEYDNNGFLKHWGQGTLVTVSSASTKGPSVFPLAPSSKSTSGGTAALGCLVKDYFPEPVTVSWNSGALTSGVHTFPAVLQSSGLYSLSSVVTVPSSSLGTQTYICNVNHKPSNTKVDKKVEP,DIVMTQSPATLSVSPGERATLSCRASESVSSDLAWYQQKPGQAPRLLIYGASTRATGVPARFSGSGSGAEFTLTISSLQSEDFAVYYCQQYNNWPPRYTFGQGTRLEIKRTVAAPSVFIFPPSDEQLKSGTASVVCLLNNFYPREAKVQWKVDNALQSGNSQESVTEQDSKDSTYSLSSTLTLSKADYEKHKVYACEVTHQGLSSPVTKSFNRG
2fjf,EVQLVESGGGLVQPGGSLRLSCAASGFTISDYWIHWVRQAPGKGLEWVAGITPAGGYTYYADSVKGRFTISADTSKNTAYLQMNSLRAEDTAVYYCARFVFFLPYAMDYWGQGTLVTVSSASTKGPSVFPLAPSSKSTSGGTAALGCLVKDYFPEPVTVSWNSGALTSGVHTFPAVLQSSGLYSLSSVVTVPSSSLGTQTYICNVNHKPSNTKVDKKVEPKSCDKTH,DIQMTQSPSSLSASVGDRVTITCRASQDVSTAVAWYQQKPGKAPKLLIYSASFLYSGVPSRFSGSGSGTDFTLTISSLQPEDFATYYCQQSYTTPPTFGQGTKVEIKRTVAAPSVFIFPPSDEQLKSGTASVVCLLNNFYPREAKVQWKVDNALQSGNSQESVTEQDSKDSTYSLSSTLTLSKADYEKHKVYACEVTHQGLSSPVTKSFNRGEC
3dif,EVKLQQSGPELVKPGASVKISCKASGYSFTSYYIHWVKQRPGQGLEWIGWVFPGSGNTKYNEKFKGKATLTADTSSSTAYMQLSSLTSEDSAVYFCARGNYDRAWFAYWGQGTLVTVSAAKTTPPSVYPLAPGSAAQTNSMVTLGCLVKGYFPEPVTVTWNSGSLSSGVHTFPAVLQSDLYTLSSSVTVPSSTWPSETVTCNVAHPASSTKVDKKIVPRDCGKHHHHHH,DIVITQSPKFMSTSVGDRVSITCKASQDVSTAVAWFQQKPGQSPKLLIYSASYRYTGVPDRFTGSGSGTDFTFTISSVQAEDLAVYYCQQHYSTPWTFGGGTKLEIKRADAAPTVSIFPPSSEQLTSGGASVVCFLNNFYPKDINVKWKIDGSERQNGVLNSWTDQDSKDSTYSMSSTLTLTKDEYERHNSYTCEATHKTSTSPIVKSFNRNEC
3eo9,EVQLVESGGGLVQPGGSLRLSCAASGYSFTGHWMNWVRQAPGKGLEWVGMIHPSDSETRYNQKFKDRFTISVDKSKNTLYLQMNSLRAEDTAVYYCARGIYFYGTTYFDYWGQGTLVTVSSASTKGPSVFPLAPSSKSTSGGTAALGCLVKDYFPEPVTVSWNSGALTSGVHTFPAVLQSSGLYSLSSVVTVPSSSLGTQTYICNVNHKPSNTKVDKKV,DIQMTQSPSSLSASVGDRVTITCRASKTISKYLAWYQQKPGKAPKLLIYSGSTLQSGVPSRFSGSGSGTDFTLTISSLQPEDFATYYCQQHNEYPLTFGQGTKVEIKRTVAAPSVFIFPPSDEQLKSGTASVVCLLNNFYPREAKVQWKVDNALQSGNSQESVTEQDSKDSTYSLSSTLTLSKADYEKHKVYACEVTHQGLSSPVTKSFNRGEC
3gje,EVQLLESGGGLVQPGGSLRLSCAASGFTFSTYQMSWVRQAPGKGLEWVSGIVSSGGSTAYADSVKGRFTISRDNSKNTLYLQMNSLRAEDTAVYYCAGELLPYYGMDVWGQGTTVTVSSASTKGPSVFPLAPSSKSTSGGTAALGCLVKDYFPEPVTVSWNSGALTSGVHTFPAVLQSSGLYSLSSVVTVPSSSLGTQTYICNVNHKPSNTKVDKKVEPK,QSELTQPRSVSGSPGQSVTISCTGTSRDVGGYNYVSWYQQHPGKAPKLIIHDVIERSSGVPDRFSGSKSGNTASLTISGLQAEDEADYYCWSFAGSYYVFGTGTDVTVLGQPKANPTVTLFPPSSEELQANKATLVCLISDFYPGAVTVAWKADGSPVKAGVETTKPSKQSNNKYAASSYLSLTPEQWKSHRSYSCQVTHEGNTVEKTVAPT
3l7f,?VTLKESGPVLVKPTETLTLTCTVSGFSLSTYGMGVGWIRQPPGKALEWLAHIWWDDVKRYNPALKSRLTISKDTSKSQVVLTMTNMDPVDTATYYCARMGSDYDVWFDYWGQGTLVTVSSASTKGPSVFPLAPSSKSTSGGTAALGCLVKDYFPEPVTVSWNSGALTSGVHTFPAVLQSSGLYSLSSVVTVPSSSLGTQTYICNVNHKPSNTKVDKKVEPKSC,EIVLTQSPATLSLSPGERATLSCRASKSISKYLAWYQQKPGQAPRLLIYSGSTLQSGIPARFSGSGSGTDFTLTISSLEPEDFAVYYCQQHNEYPYTFGQGTKLEIKRTVAAPSVFIFPPSDEQLKSGTASVVCLLNNFYPREAKVQWKVDNALQSGNSQESVTEQDSKDSTYSLSSTLTLSKADYEKHKVYACEVTHQGLSSPVTKSFNRGEC
3nfs,QVQLVQSGAEVKKPGSSVKVSCKASGYTFTSYRMHWVRQAPGQGLEWIGYINPSTGYTEYNQKFKDKATITADESTNTAYMELSSLRSEDTAVYYCARGGGVFDYWGQGTLVTVSSASTKGPSVFPLAPSSKSTSGGTAALGCLVKDYFPEPVTVSWNSGALTSGVHTFPAVLQSSGLYSLSSVVTVPSSSLGTQTYICNVNHKPSNTKVDKKVEP,DIQMTQSPSTLSASVGDRVTITCSASSSISYMHWYQQKPGKAPKLLIYTTSNLASGVPARFSGSGSGTEFTLTISSLQPDDFATYYCHQRSTYPLTFGQGTKVEVKRTVAAPSVFIFPPSDEQLKSGTASVVCLLNNFYPREAKVQWKVDNALQSGNSQESVTEQDSKDSTYSLSSTLTLSKADYEKHKVYACEVTHQGLSSPVTKSFNRGE
3p0v,EVQLVESGGGLVQPGGSLRLSCAASGFTLSGDWIHWVRQAPGKGLEWLGEISAAGGYTDYADSVKGRFTISADTSKNTAYLQMNSLRAEDTAVYYCARESRVSFEAAMDYWGQGTLVTVSSASTKGPSVFPLAPSSKSTSGGTAALGCLVKDYFPEPVTVSWNSGALTSGVHTFPAVLQSSGLYSLSSVVTVPSSSLGTQTYICNVNHKPSNTKVDKKVEPKSCDKTH,DIQMTQSPSSLSASVGDRVTITCRASQDLATDVAWYQQKPGKAPKLLIYSASFLYSGVPSRFSGSGSGTDFTLTISSLQPEDFATYYCQQSEPEPYTFGQGTKVEIKRTVAAPSVFIFPPSDEQLKSGTASVVCLLNNFYPREAKVQWKVDNALQSGNSQESVTEQDSKDSTYSLSSTLTLSKADYEKHKVYACEVTHQGLSSPVTKSFNRGEC
3qct,EVQLVQSGAEVKKPGESLKISCQAFGYGFINYLIEWIRQMPGQGLEWIGLINPGSDYTNYNENFKGQATLSADKSSSTAYLQWSSLKASDTAMYFCARRFGYYGSGNYFDYWGQGTMVTVSSASTKGPSVFPLAPSSKSTSGGTAALGCLVKDYFPEPVTVSWNSGALTSGVHTFPAVLQSSGLYSLSSVVTVPSSSLGTQTYICNVNHKPSNTKVDKRVEPK,DVVMTQTPLSLPVTPGEPASISCTSGQSLVHINGNTYLHWYLQKPGQSPKLLIYKVSNLFSGVPDRFSGSGSGTDFTLKISRVEAEDVGVYFCSQSTHFPFTFGQGTKLEIKRTVAAPSVFIFPPSDEQLKSGTASVVCLLNNFYPREAKVQWKVDNALQSGNSQESVTEQDSKDSTYSLSSTLTLSKADYEKHKVYACEVTHQGLSSPVTKSFNRGE
3w9d,QVTLKQSGAEVKKPGSSVKVSCTASGGTLRTYGVSWVRQAPGQGLEWLGRTIPLFGKTDYAQKFQGRVTITADKSMDTSFMELTSLTSEDTAVYYCARDLTTLTSYNWWDLWGQGTLVTVSSASTKGPSVFPLAPSSKSTSGGTAALGCLVKDYFPEPVTVSWNSGALTSGVHTFPAVLQSSGLYSLSSVVTVPSSSLGTQTYICNVNHKPSNTKVDKKVEP,EIVLTQSPGTLSLSPGERATLSCRASQSVTSSQLAWYQQKPGQAPRLLISGASNRATGIPDRFSGSGSGTDFTLTISRLEPEDFAVYYCQQYGSSPTFGGGTKVEIKRTVAAPSVFIFPPSDEQLKSGTASVVCLLNNFYPREAKVQWKVDNALQSGNSQESVTEQDSKDSTYSLSSTLTLSKADYEKHKLYACEVTHQGLSSPVTKSFNRGEC
3x3g,QVQLVQSGAEMKKPGASVKVSCKTSGYTFTNYKINWVRQAPGQGLEWMGWMNPDTDSTGYPQKFQGRVTMTRNTSISTAYMELSSLRSEDTAVYYCARSYGSGSYYRDYYYGMDVWGQGTTVTVSSASTKGPSVFPLAPCSRSTSESTAALGCLVKDYFPEPVTVSWNSGALTSGVHTFPAVLQSSGLYSLSSVVTVPSSSLGTKTYTCNVDHKPSNTKVDKRVESKYG,EIVLTQSPATLSLSPGERATLSCRASQSVSSYLAWYQQKPGQAPRLLIYDASNRATGIPARFSGSGSGTDFTLTISSLEPEDFAVYYCQQRSNWPLTFGGGTKVEIKRTVAAPSVFIFPPSDEQLKSGTASVVCLLNNFYPREAKVQWKVDNALQSGNSQESVTEQDSKDSTYSLSSTLTLSKADYEKHKVYACEVTHQGLSSPVTKSFNRGEC
4g6k,QVQLQESGPGLVKPSQTLSLTCSFSGFSLSTSGMGVGWIRQPSGKGLEWLAHIWWDGDESYNPSLKSRLTISKDTSKNQVSLKITSVTAADTAVYFCARNRYDPPWFVDWGQGTLVTVSSASTKGPSVFPLAPSSKSTSGGTAALGCLVKDYFPEPVTVSWNSGALTSGVHTFPAVLQSSGLYSLSSVVTVPSSSLGTQTYICNVNHKPSNTKVDKRVEP,DIQMTQSTSSLSASVGDRVTITCRASQDISNYLSWYQQKPGKAVKLLIYYTSKLHSGVPSRFSGSGSGTDYTLTISSLQQEDFATYFCLQGKMLPWTFGQGTKLEIKRTVAAPSVFIFPPSDEQLKSGTASVVCLLNNFYPREAKVQWKVDNALQSGNSQESVTEQDSKDSTYSLSSTLTLSKADYEKHKVYACEVTHQGLSSPVTKSFNRG
4hh9,QVQLVESGGGVVQPGRSLRLSCAASGFTFSNHGMHWVRQAPGKRLEWVAVISYDGRHEHYADLVKGRFTISRDNSKNTLYLQMNSLRAEDRALYFCAREGLSRDNSGFTGLIDYWGQGTMVTVSSASTKGPSVFPLAPSSKSTSGGTAALGCLVKDYFPEPVTVSWNSGALTSGVHTFPAVLQSSGLYSLSSVVTVPSSSLGTQTYICNVNHKPSNTKVDKKVEPKSCDKTHTGLE,EVVLTQSPATLSLSPGERATISCRASQSVGGYLTWYQQKPGQAPRLLIYDASNRATGIPARFSGSGSGTDFTLTISGLEPEDFAIYYCQQRGNWPPITFGQGTRLEIKRTVAAPSVFIFPPSDEQLKSGTASVVCLLNNFYPREAKVQWKVDNALQSGNSQESVTEQDSKDSTYSLSSTLTLSKADYEKHKVYACEVTHQGLSSPVTKSFNRGEC
4hie,LINLVESGGGVVQPGRSLRLSCAASGFTFSRYGMHWVRQAPGKGLEWVAVVSSDGRTTYYADSVKGRFTISRDNSKNTLYLQMNSLRAEDTAVFYCAKEGGDNKFSFDYWGQGTLVTVSSASTKGPSVFPLAPCSRSTSESTAALGCLVKDYFPEPVTVSWNSGALTSGVHTFPAVLQSSGLYSLSSVVTVPSSNFGTQTYTCNVDHKPSNTKVDKTVERKCWARHHHHHH,QAGQLTQSPATLSLSPGERATLSCRASQSVTNYLAWYQQKPGQAPRLLIYGASNRATGIPARFSGSGSGTDFTLTISSLEPEDFAVYYCQQRDNWPPDATFGQGTKVEIKRTVAAPSVFIFPPSDEQLKSGTASVVCLLNNFYPREAKVQWKVDNALQSGNSQESVTEQDSKDSTYSLSSTLTLSKADYEKHKVYACEVTHQGLRSPVTKSFNRGECAAA
4hwe,AEVQLVQSGAEVKKPGESLKISCKGSGYSFTSYWIGWVRQMPGKGLEWMGVIYPGDSYTRYSPSFQGQVTISADKSISTAYLQWSSLKASDTAMYYCARMPNWGSFDYWGQGTLVTVSSASTKGPSVFPLAPSSKSTSGGTAALGCLVKDYFPEPVTVSWNSGALTSGVHTFPAVLQSSGLYSLSSVVTVPSSSLGTQTYICNVNHKPSNTKVDKKVEPKSCDKTHL,EVVLTQSPGTLSLSPGERATLSCRASQSISSSYLAWYQQKPGQAPRLLIYGASSRATGIPDRFSGSGSGTDFTLTISRLEPEDFAVYYCQQYETFGQGTKVEIKRTVAAPSVFIFPPSDEQLKSGTASVVCLLNNFYPREAKVQWKVDNALQSGNSQESVTEQDSKDSTYSLSSTLTLSKADYEKHKVYACEVTHQGLSSPVTKSFNRGEC
4p9m,QIHLVQSGTEVKKPGSSVTVSCKAYGVNTFGLYAVNWVRQAPGQSLEYIGQIWRWKSSASHHFRGRVLISAVDLTGSSPPISSLEIKNLTSDDTAVYFCTTTSTYDKWSGLHHDGVMAFSSWGQGTLISVSAASTKGPSVFPLAPSSKSTSGGTAALGCLVKDYFPEPVTVSWNSGALTSGVHTFPAVLQSSGLYSLSSVVTVPSSSLGTQTYICNVNHKPSNTKVDKRVEPKSCDKTHHHHHH,DIQMTQSPSTLSASIGDTVRISCRASQSITGNWVAWYQQRPGKAPRLLIYRGAALLGGVPSRFSGSAAGTDFTLTIGNLQAEDFGTFYCQQYDTYPGTFGQGTKVEVKRTVAAPSVFIFPPSDEQLKSGTASVVCLLNNFYPREAKVQWKVDNALQSGNSQESVTEQDSKDSTYSLSSTLTLSKADYEKHKVYACEVTHQGLSSPVTKSFNRGEC
4py7,QVQLVQSGGGVVQPGRSLRLSCAASEFTFRMYATHWVRQAPGKGLEWVALISYDGSNKYYADSVKGRFTISRDNSMNTVYLQMNTLRPEDTAVYYCARDLGGYFIRGIMDVWGQGTLVTVSSASTKGPSVFPLAPSSGGTAALGCLVKDYFPEPVTVSWNSGALTSGVHTFPAVLQSSGLYSLSSVVTVPSSSLGTQTYICNVNHKPSNTKVDKRVEPK,ELQMTQSPSSVSASVGDRVTITCRASQGISSWLAWYQQKPGKAPKLLIYAASSLQSGVPSRFSGSGSGTDFTLTISSLQPEDFATYYCQQANSFPLTFGGGTKVEIKRTVAAPSVFIFPPSDEQLKSGTASVVCLLNNFYPREAKVQWKVDNALQSGNSQESVTEQDSKDSTYSLSSTLTLSKADYEKHKVYACEVTHQGLSSPVTKSFNRGEC
4rir,EVQLVQSGAEVKKPGESLKISCKGSGYSFTSYWIGWVRQMPGKGLEWMGIIYPGDSDTRYSPSFQGQVTISADKSISTAYLQWSSLKASDTAMYYCARLGGRYYYDSSGYYYFDYWGQGTLVTVSSASTKGPSVFPLAPSSKSTSGGTAALGCLVKDYFPEPVTVSWNSGALTSGVHTFPAVLQSSGLYSLSSVVTVPSSSLGTQTYICNVNHKPSNTKVDKRVEPKSCDK,NFMLTQPHSVSESPGKTVTISCTRSSGSIASNYVQWYQQRPGSSPTTVIYEDNQRPSGVPDRFSGSIDSSSNSASLTISGLKTEDEADYYCQSYDSSSWVFGGGTKLTVLGQPKAAPSVTLFPPSSEELQANKATLVCLISDFYPGAVTVAWKADSSPVKAGVETTTPSKQSNNKYAASSYLSLTPEQWKSHRSYSCQVTHEGSTVEKTVAPTECS
4ygv,QVQLVQSGAEVKKPGASVKVSCKASGYTFTDYYMHWVRQAPGQGLEWMGETNPRNGGTTYNEKFKGKATMTRDTSTSTAYMELSSLRSEDTAVYYCTIGTSGYDYFDYWGQGTLVTVSSASTKGPSVFPLAPSSKSTSGGTAALGCLVKDYFPEPVTVSWNSGALTSGVHTFPAVLQSSGLYSLSSVVTVPSSSLGTQTYICNVNHKPSNTKVDKKVEPKSC,DIVMTQTPLSLSVTPGQPASISCRSSQSIVHSDGNIYLEWYLQKPGQSPKLLIYKVSYRFSGVPDRFSGSGSGTDFTLKISRVEAEDVGVYYCFQASHVPYTFGQGTKLEIKRTVAAPSVFIFPPSDEQLKSGTASVVCLLNNFYPREAKVQWKVDNALQSGNSQESVTEQDSKDSTYSLSSTLTLSKADYEKHKVYACEVTHQGLSSPVTKSFNRGEC
5bvj,?VQLVESGGGVVQPGRSLRLSCAASGFTFSVYGMNWVRQAPGKGLEWVAIIWYDGDNQYYADSVKGRFTISRDNSKNTLYLQMNGLRAEDTAVYYCARDLRTGPFDYWGQGTLVTVSSASTKGPSVFPLAPSSKSTSGGTAALGCLVKDYFPEPVTVSWNSGALTSGVHTFPAVLQSSGLYSLSSVVTVPSSSLGTQTYICNVNHKPSNTKVDKRVEPKSCDKTH,EIVLTQSPDFQSVTPKEKVTITCRASQSIGSSLHWYQQKPDQSPKLLIKYASQSFSGVPSRFSGSGSGTDFTLTINSLEAEDAAAYYCHQSSSLPFTFGPGTKVDIKRTVAAPSVFIFPPSDEQLKSGTASVVCLLNNFYPREAKVQWKVDNALQSGNSQESVTEQDSKDSTYSLSSTLTLSKADYEKHKVYACEVTHQGLSSPVTKSFNRGEC
5dk3,QVQLVQSGVEVKKPGASVKVSCKASGYTFTNYYMYWVRQAPGQGLEWMGGINPSNGGTNFNEKFKNRVTLTTDSSTTTAYMELKSLQFDDTAVYYCARRDYRFDMGFDYWGQGTTVTVSSASTKGPSVFPLAPCSRSTSESTAALGCLVKDYFPEPVTVSWNSGALTSGVHTFPAVLQSSGLYSLSSVVTVPSSSLGTKTYTCNVDHKPSNTKVDKRVESKYGPPCPPCPAPEFLGGPSVFLFPPKPKDTLMISRTPEVTCVVVDVSQEDPEVQFNWYVDGVEVHNAKTKPREEQFNSTYRVVSVLTVLHQDWLNGKEYKCKVSNKGLPSSIEKTISKAKGQPREPQVYTLPPSQEEMTKNQVSLTCLVKGFYPSDIAVEWESNGQPENNYKTTPPVLDSDGSFFLYSRLTVDKSRWQQGNVFSCSVMHEALHNHYTQKSLSLS,EIVLTQSPATLSLSPGERATLSCRASKGVSTSGYSYLHWYQQKPGQAPRLLIYLASYLESGVPARFSGSGSGTDFTLTISSLEPEDFAVYYCQHSRDLPLTFGGGTKVEIKRTVAAPSVFIFPPSDEQLKSGTASVVCLLNNFYPREAKVQWKVDNALQSGNSQESVTEQDSKDSTYSLSSTLTLSKADYEKHKVYACEVTHQGLSSPVTKSFNRGEC
5ggu,QVQLVESGGGVVQPGRSLRLSCAASGFTFSSYGMHWVRQAPGKGLEWVAVIWYDGSNKYYADSVKGRFTISRDNSKNTLYLQMNSLRAEDTAVYYCARDPRGATLYYYYYGMDVWGQGTTVTVSSASTKGPSVFPLAPSSKSTSGGTAALGCLVKDYFPEPVTVSWNSGALTSGVHTFPAVLQSSGLYSLSSVVTVPSSSLGTQTYICNVNHKPSNTKVDKKVEPKSCDKTHTHHHHHH,DIQMTQSPSSLSASVGDRVTITCRASQSINSYLDWYQQKPGKAPKLLIYAASSLQSGVPSRFSGSGSGTDFTLTISSLQPEDFATYYCQQYYSTPFTFGPGTKVEIKRTVAAPSVFIFPPSDEQLKSGTASVVCLLNNFYPREAKVQWKVDNALQSGNSQESVTEQDSKDSTYSLSSTLTLSKADYEKHKVYACEVTHQGLSSPVTKSFNRGEC
5ik3,EVQLVESGGGLVKPGGSLRLSCAASGFTFSNAWFNWVRQAPGKGLEWVGRIKTNTDGGTTDYAAPVKGRFTISRDDSKNTLYLQMNSLKTEDTAVYYCTTGEPLVNHITILDYWGQGTLVTVSSASTKGPSVFPLAPSSKSTSGGTAALGCLVKDYFPEPVTVSWNSGALTSGVHTFPAVLQSSGLYSLSSVVTVPSSSLGTQTYICNVNHKPSNTKVDKKVEPKSCD,DIVMTQSPDSLAVSLGERATINCKSSQSVLYSSNNKNYLAWYQQKPGQPPKLLIYWASTRESGVPDRFSGSGSGTDFTLTISSLQAEDVAVYYCQQYYRTPPLTFGGGTKVEIKRTVAAPSVFIFPPSDEQLKSGTASVVCLLNNFYPREAKVQWKVDNALQSGNSQESVTEQDSKDSTYSLSSTLTLSKADYEKHKVYACEVTHQGLSSPVTKSFNRGEC
5k9j,QVQLQQSGPGLVKPSQTLSLTCVISGDTVSSNRAAWNWIRQSPSRGLEWLGRTYYRSKWYTDYAVSVKSRITITPDTSKNQFSLQMKSVTPEDTAVYYCARGSAMIFGIVIILESWGQGTLVTVSSASTKGPSVFPLAPSSKSTSGGTAALGCLVKDYFPEPVTVSWNSGALTSGVHTFPAVLQSSGLYSLSSVVTVPSSSLGTQTYICNVNHKPSNTKVDKKVEPKS,EIVLTQSPGTLSLSPGERATLSCRASQSVASSYLAWYQQKPGQAPRLLIYGASSRATGVPDRFSGSGSGTDFILTISRLEPEDFAVYYCQQYDGSQYTFGQGTKLEIKRTVAAPSVFIFPPSDEQLKSGTASVVCLLNNFYPREAKVQWKVDNALQSGNSQESVTEQDSKDSTYSLSSTLTLSKADYEKHKVYACEVTHQGLSSPVTKSFNR
5vzx,EVQLVESGGGLVQPGGSLRLSCAASGFTFSSYGMSWVRQAPGKGLELVASINSNGGSTYYPDSVKGRFTISRDNAKNSLYLQMNSLRAEDTAVYYCASGDYWGQGTTVTVSSASTKGPSVFPLAPSSKSTSGGTAALGCLVKDYFPEPVTVSWNSGALTSGVHTFPAVLQSSGLYSLSSVVTVPSSSLGTQTYICNVNHKPSNTKVDKKVEPKSCDKTHT,DIVMTQSPLSLPVTPGEPASISCRSSQSLVYSNGDTYLHWYLQKPGQSPQLLIYKVSNRFSGVPDRFSGSGSGTDFTLKISRVEAEDVGVYYCSQSTHVPWTFGQGTKVEIKRTVAAPSVFIFPPSDEQLKSGTASVVCLLNNFYPREAKVQWKVDNALQSGNSQESVTEQDSKDSTYSLSSTLTLSKADYEKHKVYACEVTHQGLSSPVTKSFNRGEC
5wk2,EVQLVQSGAEVKKPGESLKISCKGSGYSFTSYWIGWVRQMPGKGLEWMGIIDPSDSDTRYSPSFQGQVTISADKSISTAYLQWSSLKASDTAMYYCARVGPADVWDSFDYWGQGTLVTVSSASTKGPSVFPLAPSSKSTSGGTAALGCLVKDYFPEPVTVSWNSGALTSGVHTFPAVLQSSGLYSLSSVVTVPSSSLGTQTYICNVNHKPSNTKVDKKVEPKSCHHHHHH,DIVMTQSPDSLAVSLGERATINCKSSQSVLLSPWNSNQLAWYQQKPGQPPKLLIYGASTRESGVPDRFSGSGSGTDFTLTISSLQAEDVAVYYCQQYYLIPSTFGQGTKVEIKRTVAAPSVFIFPPSDEQLKSGTASVVCLLNNFYPREAKVQWKVDNALQSGNSQESVTEQDSKDSTYSLSSTLTLSKADYEKHKVYACEVTHQGLSSPVTKSFNRGEC
5wuv,EVQLVESGGGLVQPGGSLRLSCAASGYVFTDYGMNWVRQAPGKGLEWMGWINTYIGEPIYADSVKGRFTFSLDTSKSTAYLQMNSLRAEDTAVYYCARGYRSYAMDYWGQGTLVTVSSASTKGPSVFPLAPSSKSTSGGTAALGCLVKDYFPEPVTVSWNSGALTSGVHTFPAVLQSSGLYSLSSVVTVPSSSLGTQTYICNVNHKPSNTKVDKKVEPKSCDKT,DIQMTQSPSSLSASVGDRVTITCKASQNVGTNVAWYQQKPGKAPKALIYSASFLYSGVPYRFSGSGSGTDFTLTISSLQPEDFATYYCQQYNIYPLTFGQGTKVEIKRTVAAPSVFIFPPSDEQLKSGTASVVCLLNNFYPREAKVQWKVDNALQSGNSQESVTEQDSKDSTYSLSSTLTLSKADYEKHKVYACEVTHQGLSSPVTKSFNRGEC
6al4,?VQLVQSGAEVKKPGSSVKVSCKASGYAFSSYWMNWVRQAPGQGLEWMGQIWPGDSDTNYAQKFQGRVTITADESTSTAYMELSSLRSEDTAVYYCARRETTTVGRYYYAMDYWGQGTTVTVSSASTKGPSVFPLAPSSKSTSGGTAALGCLVKDYFPEPVTVSWNSGALTSGVHTFPAVLQSSGLYSLSSVVTVPSSSLGTQTYICNVNHKPSNTKVDKKVEPKSCHHHHHH,DIQLTQSPSFLSASVGDRVTITCKASQSVDYSGDSYLNWYQQKPGKAPKLLIYDASNLVSGVPSRFSGSGSGTEFTLTISSLQPEDFATYYCQQSTENPWTFGGGTKLEIKRTVAAPSVFIFPPSDEQLKSGTASVVCLLNNFYPREAKVQWKVDNALQSGNSQESVTEQDSKDSTYSLSSTLTLSKADYEKHKVYACEVTHQGLSSPVTKSFNRGEC
6axp,QVQLKQSGPGLVQPSQSLSITCTVSGFSLTNYGVHWVRQSPGKGLEWLGVIWSGGNTDYNTPFTSRLSINKDNSKSQVFFKMNSLQSNDTAIYYCARALTYYDYEFAYWGQGTLVTVSAASTKGPSVFPLAPSSKSTSGGTAALGCLVKDYFPEPVTVSWNSGALTSGVHTFPAVLQSSGLYSLSSVVTVPSSSLGTQTYICNVNHKPSNTKVDKRVEPKS,DILLTQSPVILSVSPGERVSFSCRASQSIGTNIHWYQQRTNGSPRLLIKYASESISGIPSRFSGSGSGTDFTLSINSVESEDIADYYCQQNNNWPTTFGAGTKLELKRTVAAPSVFIFPPSDEQLKSGTASVVCLLNNFYPREAKVQWKVDNALQSGNSQESVTEQDSKDSTYSLSSTLTLSKADYEKHKVYACEVTHQGLSSPVTKSFNRGA
6cnr,QVQLVESGGGVVQPGRSLRLSCAASGFAFSSYGMHWVRQAPGKGLEWVAVIWFDGTKKYYTDSVKGRFTISRDNSKNTLYLQMNTLRAEDTAVYYCARDRGIGARRGPYYMDVWGKGTTVTVSSASTKGPSVFPLAPSSKSTSGGTAALGCLVKDYFPEPVTVSWNSGALTSGVHTFPAVLQSSGLYSLSSVVTVPSSSLGTQTYICNVNHKPSNTKVDKRVEPKSC,DIQMTQSPSSLSASVGDRVTITCRASQSISSYLNWYQQKPGKAPKLLIYAASSLQSGVPSRFSGSGSGTDFTLTISSLQPEDFATYYCQQSYSTPLTFGGGTKVEIKRTVAAPSVFIFPPSDEQLKSGTASVVCLLNNFYPREAKVQWKVDNALQSGNSQESVTEQDSKDSTYSLSSTLTLSKADYEKHKVYACEVTHQGLSSPVTKSFNRGEC
6dcv,QVQLVESGPEMRKPGESLKISCKTSGYIFSDYWTAWVRQLPGKGLQWMGIIYSGDSDTRYHPSVQGHVTMSTDSSLTTAYLQWSSLKASDTGIYYCARLDARVDAGWQLDSWGQGTLVTVSSASTKGPSVFPLAPSSKSTSGGTAALGCLVKDYFPEPVTVSWNSGALTSGVHTFPAVLQSSGLYSLSSVVTVPSSSLGTQTYICNVNHKPSNTKVDKRVEPKSCHHHHHH,DIQLTQSPDSLAVSLGERATINCKSSQSVFSRDNNKNYLAWYQHKSGQPPKLLFFWASSRESGVSDRFSGSGSGTDFTLTIDNLQAEDVALYYCQHYFNTPHNFGQGTKLEIKRTVAAPSVFIFPPSDEQLKSGTASVVCLLNNFYPREAKVQWKVDNALQSGNSQESVTEQDSKDSTYSLSSTLTLSKADYEKHKVYACEVTHQGLSSPVTKSFNRGEC
6e65,EVQLVQSGGGLVQPGGSLRLSCAASGFTFNNYWMSWVRQAPGKGLEWVSSISNIGGTIYYPDSVKGRFTISRDNSKNTLYLQMNSLRAEDTAVYYCTRDLRMSDYFDYWGQGTMVTVSSASTKGPSVFPLAPSSKSTSGGTAALGCLVKDYFPEPVTVSWNSGALTSGVHTFPAVLQSSGLYSLSSVVTVPSSSLGTQTYICNVNHKPSNTKVDKKVEPKSC,NFMLTQPHSVSESPGKTVTISCTRSTGNIGSNYVSWYQQRPGSSPTTVIYRDDQRPSGVPDRFSGSIDRSSNSASLTISGLKTEDEADYYCHSYSTGMYIFGGGTKLTVLGQPKAAPSVTLFPPSSEELQANKATLVCLISDFYPGAVTVAWKADSSPVKAGVETTTPSKQSNNKYAASSYLSLTPEQWKSHRSYSCQVTHEGSTVEKTVAPTEC
6jc2,QVQLVESGGGVVQPGRSLRLSCAASGFTFSSYTMHWVRQAPGKGLEWVTFISYDGNNKYYADSVKGRFTISRDNSKNTLYLQMNSLRAEDTAIYYCARTGWLGPFDYWGQGTLVTVSSASTKGPSVFPLAPSSKSTSGGTAALGCLVKDYFPEPVTVSWNSGALTSGVHTFPAVLQSSGLYSLSSVVTVPSSSLGTQTYICNVNHKPSNTKVDKKVEPKSCDKTHHHHHH,EIVLTQSPGTLSLSPGERATLSCRASQSVGSSYLAWYQQKPGQAPRLLIYGAFSRATGIPDRFSGSGSGTDFTLTISRLEPEDFAVYYCQQYGSSPWTFGQGTKVEIKRTVAAPSVFIFPPSDEQLKSGTASVVCLLNNFYPREAKVQWKVDNALQSGNSQESVTEQDSKDSTYSLSSTLTLSKADYEKHKVYACEVTHQGLSSPVTKSFNRGEC
6med,QVQLVQSGAEVKKPGSSVKVSCKASGGTLNSYEITWVRQAPGQGLEWMGGITPIFETTYAQKFQGRVTITADESTSTTYMELSSLRPEDTAVYYCARDGVRYCGGGRCYNWFDPWGQGTLVTVSSASTKGPSVFPLAPSSKSTSGGTAALGCLVKDYFPEPVTVSWNSGALTSGVHTFPAVLQSSGLYSLSSVVTVPSSSLGTQTYICNVNHKPSNTKVDKRVEPKSCDKTHHHHHH,DIQMTQSPSSLSASVGDRVTITCRAGQNINNYLNWYQQKPGKAPKVLIYAASNLQSGVPSRFSGSGSGTDFTLTISSLQPEDFATYYCQQSHSTVRTFGQGTKVEIKRTVAAPSVFIFPPSDEQLKSGTASVVCLLNNFYPREAKVQWKVDNALQSGNSQESVTEQDSKDSTYSLSSTLTLSKADYEKHKVYACEVTHQGLSSPVTKSFNRGEC
6mee,QVQLVQSGAEVKKPGSSVKVSCTTSGGTYINYAISWVRQAPGQGLEWVGGMSPISNTPKYAQKFQGRVTITADESTSTTYMELSSLRPEDTAVYYCARDLLKYCGGGNCHSLLVDPWGQGTLVTVSSASTKGPSVFPLAPSSKSTSGGTAALGCLVKDYFPEPVTVSWNSGALTSGVHTFPAVLQSSGLYSLSSVVTVPSSSLGTQTYICNVNHKPSNTKVDKRVEPKSCDKTHHHHHH,DIVMTQSPSTLSASVGDRVTISCRASQSISSWLAWYQQKPGRAPKLLIYKASSLETGVPSRFSGSGSGTEFTLTISSLQPDDFATYYCQHYNTYLFTFGPGTKVDLKRTVAAPSVFIFPPSDEQLKSGTASVVCLLNNFYPREAKVQWKVDNALQSGNSQESVTEQDSKDSTYSLSSTLTLSKADYEKHKVYACEVTHQGLSSPVTKSFNRGEC
6mfj,QVQLVQSGAEVQKPGASVKVSCKASGYTFASYDINWVRQATGQGLEWMGWMNPKTGNTGYAQKFQGRVTLTRNTSISTAYMELTSLRSEDTAVYYCATYRIIAAVGYRYFQYWGQGTLVTVSSASTKGPSVFPLAPSSKSTSGGTAALGCLVKDYFPEPVTVSWNSGALTSGVHTFPAVLQSSGLYSLSSVVTVPSSSLGTQTYICNVNHKPSNTKVDKRVEPKSCDK,DIQLTQSPSSLSASVGDSVTITCRASQGFGNYLAWYQQRPGKVPEVLIYAATTLQSGVPSRFSGSGSGTDFTLTISSLQPEDVATYYCQKYNSAPFTFGQGTRLEIKRTVAAPSVFIFPPSDEQLKSGTASVVCLLNNFYPREAKVQWKVDNALQSGNSQESVTEQDSKDSTYSLSSTLTLSKADYEKHKVYACEVTHQGLSSPVTKSFNRGEC
6n32,EVQLVESGGGLVKAGGSLILSCGVSNFRISAHTMNWVRRVPGGGLEWVASISTSSTYRDYADAVKGRFTVSRDDLEDFVYLQMHKMRVEDTAIYYCARKGSDRLSDNDPFDAWGPGTVVTVSPASTKGPSVFPLAPSSKSTSGGTAALGCLVKDYFPEPVTVSWNSGALTSGVHTFPAVLQSSGLYSLSSVVTVPSSSLGTQTYICNVNHKPSNTKVDKKVEPKS,DVVMTQSPSTLSASVGDTITITCRASQSIETWLAWYQQKPGKAPKLLIYKASTLKTGVPSRFSGSGSGTEFTLTISGLQFDDFATYHCQHYAGYSATFGQGTRVEIKRTVAAPSVFIFPPSDEQLKSGTASVVCLLNNFYPREAKVQWKVDNALQSGNSQESVTEQDSKDSTYSLSSTLTLSKADYEKHKVYACEVTHQGLSSPVTKSFNRGE
6phh,EVQLVESGGGLVQPGGSLRLSCVASGFTFSNYNMNWVRQAPGKGLEWLSYISSSSGTIYYADSVKGRFTISRDNAKNSMYLQMNSLRAEDTAVYYCVRVEYYYGSSGYYYDFDSWGQGTLVTVSSASTKGPSVFPLAPSSKSTSGGTAALGCLVKDYFPEPVTVSWNSGALTSGVHTFPAVLQSSGLYSLSSVVTVPSSSLGTQTYICNVNHKPSNTKVDKKVEPKSC,DIVMTQSPLSLPVTPGEPASISCRSSQSLLHNGYNYLDWYLQKPGQSPQLLIYLGSNRASGVPDRFSGSGSGTDFTLKISRVEAEDVGVYYCMQTLQPFTFGQGTRLEIKRTVAAPSVFIFPPSDEQLKSGTASVVCLLNNFYPREAKVQWKVDNALQSGNSQESVTEQDSKDSTYSLSSTLTLSKADYEKHKVYACEVTHQGLSSPVTKSFNRGEC
6q1g,ASQVQLQESGPGLVKPSGTLSLTCAISGGSISSSNWWTWVRQPPGKGLQWIGEIQHGGGTNYNPSLKSRATIFVDVSKNHFSLRLSSVTAADTAVYYCAKVPPYCTSASCPDDYYYHYMDVWGKGTTVTVSGASTKGPSVFPLAPSSKSTSGGTAALGCLVKDYFPEPVTVSWNSGALTSGVHTFPAVLQSSGLYSLSSVVTVPSSSLGTQTYICNVNHKPSNTKVDKRVEPKSCDKHHHHHH,ASSSELTQDPAVSVALGQTVRITCQGDSLRGYSASWYQLKPGQAPVLVIYGKNNRPSGIPDRFSGSTSGNRASLIITGTQAEDEADYYCNSRDTNGYRPVLFGGGTKLTVLGQPKGAPSVTLFPPSSEELQANKATLVCLISDFYPGAVTVAWKADSSPVKAGVETTTPSKQSNNKYAASSYLSLTPEQWKSHRSYSCQVTHEGSTVEKTVAPTECS
6tkb,,
6ugv,EVKLEESGGGLVQPGGSMKLSCVASGFIFSNHWMNWVRQSPEKGLEWVAEIRSKSINSATHYAESVKGRFTISRDDSKSAVYLQMTDLRTEDTGVYYCSRNYYGSTYDYWGQGTTLTVSSASTKGPSVFPLAPSSKSTSGGTAALGCLVKDYFPEPVTVSWNSGALTSGVHTFPAVLQSSGLYSLSSVVTVPSSSLGTQTYICNVNHKPSNTKVDKKVEPKSCDKT,DILLTQSPAILSVSPGERVSFSCRASQFVGSSIHWYQQRTNGSPRLLIKYASESMSGIPSRFSGSGSGTDFTLSINTVESEDIADYYCQQSHSWPFTFGSGTNLEVKRTVAAPSVFIFPPSDEQLKSGTASVVCLLNNFYPREAKVQWKVDNALQSGNSQESVTEQDSKDSTYSLSSTLTLSKADYEKHKVYACEVTHQGLSSPVTKSFNRGEC
6umh,QVQLVESGGGVVQPGRSLRLSCAASGFTFSSFGMHWVRQAPGKGLEWVAVISFDGSIKYSVDSVKGRFTISRDNSKNTLFLQMNSLRAEDTAVYYCARDRLNYYDSSGYYHYKYYGMAVWGQGTTVTVSSASTKGPSVFPLAPSSKSTSGGTAALGCLVKDYFPEPVTVSWNSGALTSGVHTFPAVLQSSGLYSLSSVVTVPSSSLGTQTYICNVNHKPSNTKVDKKVEPKSCDEVD,QSVLTQPPSVSAAPGQKVTISCSGSSSNIGNNYVSWYQQLPGTAPKLLIYDNNKRPSGIPDRFSGSKSGTSTTLGITGLQTGDEADYYCGTWDSRLSAVVFGGGTKLTVLGQPKANPTVTLFPPSSEELQANKATLVCLISDFYPGAVTVAWKADGSPVKAGVETTKPSKQSNNKYAASSYLSLTPEQWKSHRSYSCQVTHEGSTVEKTVAPTECS
6xul,QVQLVESGGGSVQPGRSLRLSCEASGFTFEAYAMHWVRQPPGKGLEWVSSINWNSGRIAYADSVKGRFTISRDNARNSLYLQMNSLRLEDTAFYYCAKDIRRFSTGGAEFEYWGQGTLVTVSSASTKGPSVFPLAPSSKSTSGGTAALGCLVKDYFPEPVTVSWNSGALTSGVHTFPAVLQSSGLYSLSSVVTVPSSSLGTQTYICNVNHKPSNTKVDKRVEPKSCDKTH,QSVLTQPPSASGTPGQRVTISCSGSSSNIGSNFVYWYQQLPGTAPKLLIYRNNQRPSGVPDRFSGSRSGTSASLAISGLRSEDEADYYCAAWDDSLGGHYVFGTGTKVTVLRTVAAPSVFIFPPSDEQLKSGTASVVCLLNNFYPREAKVQWKVDNALQSGNSQESVTEQDSKDSTYSLSSTLTLSKADYEKHKVYACEVTHQGLSSPVTKSFNRGEC
6ztf,QVQLQQSGPGLVKPSQTLSLTCAISGDSVSSQSAAWNWIRQSPSRGLEWLGRIYYRSKWYNDYALSVKSRITINPDTSKNQFSLQLNSVTPEDTAVYYCARGEGYGREGFAIWGQGTLVTVSSASTKGPSVFPLAPSSKSTSGGTAALGCLVKDYFPEPVTVSWNSGALTSGVHTFPAVLQSSGLYSLSSVVTVPSSSLGTQTYICNVNHKPSNTKVDKKVEPKSEFDYKDDDDKGAPHHHHHH,DIQMTQSPSSLSASVGDRVTITCRASQTISNTLAWYQQKPGKAPKLLIYAASNLQSGVPSRFSGSGSGTDFTLTISSLQPEDFATYYCQQYLSWFTFGQGTKVEIKRTVAAPSVFIFPPSDEQLKSGTASVVCLLNNFYPREAKVQWKVDNALQSGNSQESVTEQDSKDSTYSLSSTLTLSKADYEKHKVYACEVTHQGLSSPVTKSFNRGEA
7kgu,EVQLVESGGGLVQPGGSLRLSCAASGFNVKYYMMHWVRQAPGKGLEWVAAISPGYDYTYYADSVKGRFTISADTSKNTAYLQMNSLRAEDTAVYYCSRSYWRYSVDVWGQGTLVTVSSASTKGPSVFPLAPSSKSTSGGTAALGCLVKDYFPEPVTVSWNSGALTSGVHTFPAVLQSSGLYSLSSVVTVPSSSLGTQTYICNVNHKPSNTKVDKKVEP,DIQMTQSPSSLSASVGDRVTITCRASQDVNTAVAWYQQKPGKAPKLLIYSASFLYSGVPSRFSGSRSGTDFTLTISSLQPEDFATYYCQQVYSSPFTFGQGTKVEIKRTVAAPSVFIFPPSDEQLKSGTASVVCLLNNFYPREAKVQWKVDNALQSGNSQESVTEQDSKDSTYSLSSTLTLSKADYEKHKVYACEVTHQGLSSPVTKSFNRGEC
7kx4,EVQLLESGGDLVQPGGSLRLSCAASGFTFSSYVMSWVRQAPGKGLEWVSVIYRGGSTKYADSVKGRFTISRDDSKNTLYLQMNSLRVEDTAVYYCVKDPKAWLEPEWWGQGTLVTVSSASTKGPSVFPLAPSSKSTSGGTAALGCLVKDYFPEPVTVSWNSGALTSGVHTFPAVLQSSGLYSLSSVVTVPSSSLGTQTYICNVNHKPSNTKVDKKVEPKSCDKGLEVLFQ,DIQMTQSPSSLSASVGDRVTITCRASQSISKYLSWFQQKPGKAPNLLIYAASYLQSGVPSRFSGSGSGTDFTLTISSLQPEDFATYYCQQSYSNPRTFGQGTKVEIKRTVAAPSVFIFPPSDEQLKSGTASVVCLLNNFYPREAKVQWKVDNALQSGNSQESVTEQDSKDSTYSLSSTLTLSKADYEKHKVYACEVTHQGLSSPVTKSFNRGEC
7n07,EVQLVESGGGLVQPGRSLRLSCAASGFTFNDYAMHWVRQAPGKGLEWVSGISWDSSSIGYADSVKGRFTISRDNAKNSLYLQMNSLRAEDMALYYCVKGRDYYDSGGYFTVAFDIWGQGTMVTVSSASTKGPSVFPLAPSSKSTSGGTAALGCLVKDYFPEPVTVSWNSGALTSGVHTFPAVLQSSGLYSLSSVVTVPSSSLGTQTYICNVNHKPSNTKVDKKVEPKSCGRLVPRGSHHHHHHHHHH,DIQMTQSPSTLSASVGDRVTITCRASQSISRWLAWYQQKPGKVPKLLIYKASSLESGVPSRFSGSGSGTEFTLTISSLQPDDFATYYCQQYNSYSFGPGTKVDIKRTVAAPSVFIFPPSDEQLKSGTASVVCLLNNFYPREAKVQWKVDNALQSGNSQESVTEQDSKDSTYSLSSTLTLSKADYEKHKVYACEVTHQGLSSPVTKSFNRGEC
7xq8,MEFGLSWLFLVAILKGVQCQVQLVQSGGQMKKPGESMRISCRASGYEFIDCTLNWIRLAPGKRPEWMGWLKPRGGAVNYARPLQGRVTMTRDVYSDTAFLELRSLTVDDTAVYFCTRGKNCDYNWDFEHWGRGTPVIVSSGSASAPTLFPLVSCENSPSDTSSVAVGCLAQDFLPDSITFSWKYKNNSDISSTRGFPSVLRGGKYAATSQVLLPSKDVMQGTDEHVVCKVQHPNGNKEKNVPLPVIAELPPKVSVFVPPRDGFFGNPRKSKLICQATGFSPRQIQVSWLREGKQVGSGVTTDQVQAEAKESGPTTYKVTSTLTIKESDWLGQSMFTCRVDHRGLTFQQNASSMCVPDQDTAIRVFAIPPSFASIFLTKSTKLTCLVTDLTTYDSVTISWTRQNGEAVKTHTNISESHPNATFSAVGEASICEDDWNSGERFTCTVTHTDLPSPLKQTISRPKGVALHRPDVYLLPPAREQLNLRESATITCLVTGFSPADVFVQWMQRGQPLSPEKYVTSAPMPEPQAPGRYFAHSILTVSEEEWNTGETYTCVVAHEALPNRVTERTVDKSTEGEVSADEEGFENLWATASTFIVLFLLSLFYSTTVTLFKVK,MVLQTQVFISLLLWISGAYGGSDYKDDDDKGSPGDEVDAGEIVLTQSPGTLSLSPGETAIISCRTSQYGSLAWYQQRPGQAPRLVIYSGSTRAAGIPDRFSGSRWGPDYNLTISNLESGDFGVYYCQQYEFFGQGTKVQVDIKRTVAAPSVFIFPPSDEQLKSGTASVVCLLNNFYPREAKVQWKVDNALQSGNSQESVTEQDSKDSTYSLSSTLTLSKADYEKHKVYACEVTHQGLSSPVTKSFNRGEC
1rz7,EVQLVQSGAEVKKPGATVKISCKASGYTFSDFYMYWVRQAPGKGLEWMGLIDPEDADTMYAEKFRGRVTITADTSTDTGYLELSSLRSEDTAVYYCAADPWELNAFNVWGQGTLVSVSSASTKGPSVFPLAPSSKSTSGGTAALGCLVKDYFPEPVTVSWNSGALTSGVHTFPAVLQSSGLYSLSSVVTVPSSSLGTQTYICNVNHKPSNTKVDKKVEP,DIQMTQSPSSVSASVGDRVTITCRASQDISTWLAWYQQKPGKAPKLLIYAASTLQSGVPSRFSGSGSGTDFSLTINSLQPEDFATYYCQQANSFFTFGGGTKVEIKRTVAAPSVFIFPPSDEQLKSGTASVVCLLNNFYPREAKVQWKVDNALQSGNSQESVTEQDSKDSTYSLSSTLTLSKADYEKHKLYACEVTHQGLSSPVTKSFNRGE
1u6a,QVQLQESGPGLVKPSETLSLTCTVSGGSISSHYWSWIRQSPGKGLQWIGYIYYSGSTNYSPSLKSRVTISVETAKNQFSLKLTSMTAADTAVYYCARGPVPAVFYGDYRLDPWGQGTLVTVSSASTKGPSVFPLAPSSKSTSGGTAALGCLVKDYFPEPVTVSWNSGALTSGVHTFPAVLQSSGLYSLSSVVTVPSSSLGTQTYICNVNHKPSNTKVDKKVEPK,EIVLTQSPGTLSLSAGERATLSCRASQSVSSRYLAWYQQKPGQAPRLLIYGASSRATGIPDRFSGSGSGTDFTLTISRVEPEDFAVYYCQQYDNSVCTFGQGTKLEIKRTVAAPSVFIFPPSDEQLKSGTASVVCLLNNFYPREAKVQWKVDNALQSGNSQESVTEQDSKDSTYSLSSTLTLSKADYEKHKVYACEVTHQGLSSPVTKSFNRGEC
2pr4,RITLKESGPPLVKPTQTLTLTCSFSGFSLSDFGVGVGWIRQPPGKALEWLAIIYSDDDKRYSPSLNTRLTITKDTSKNQVVLVMTRVSPVDTATYFCAHRRGPTTLFGVPIARGPVNAMDVWGQGITVTISSTSTKGPSVFPLAPSSKSTSGGTAALGCLVKDYFPEPVTVSWNSGALTSGVHTFPAVLQSSGLYSLSSVVTVPSSSLGTQTYTCNVNHKPSNTKVDKRVEPKSC,ALQLTQSPSSLSASVGDRITITCRASQGVTSALAWYRQKPGSPPQLLIYDASSLESGVPSRFSGSGSGTEFTLTISTLRPEDFATYYCQQLHFYPHTFGGGTRVDVRRTVAAPSVFIFPPSDEQLKSGTASVVCLLNNFYPREAKVQWKVDNALQSGNSQESVTEQDSKDSTYSLSSTLTLSKADYEKHKVYECEVTHQGLSSPVTKSFNRGEC
3tnn,EVQLVESGGGLVQPGGSLRLSCAASGFTFSTYAMSWVRQAPGKGLEWVSSINNSGRNTFSADSVKGRFTISRDNSKNTLFLVMNSLRAEDTAVYYCAKDLRLGGGSDYWGQGTLVTVSSASTKGPSVFPLAPSSKSTSGGTAALGCLVKDYFPEPVTVSWNSGALTSGVHTFPAVLQSSGLYSLSSVVTVPSSSLGTQTYICNVNHKPSNTKVDKRVEPKSCDKTH,QSALTQPASVSGSPGQSITISCTGTSSDVGSYNFVSWYQQHPGKAPKLMIYEVSERPSGISNRFSGSKSGNTASLTISGLQAEDEADYYCSSYAGSTTFRVFGGGTKLTVRGQPKAAPSVTLFPPSSEELQANKATLVCLISDFYPGAVTVAWKADSSPVKAGVETTTPSKQSNNKYAASSYLSLTPEQWKSHRSYSCQVTHEGSTVEKTVAPTECS
4dn3,QVELVQSGAEVKKPGSSVKVSCKASGGTFSSYGISWVRQAPGQGLEWMGGIIPIFGTANYAQKFQGRVTITADESTSTAYMELSSLRSEDTAVYYCARYDGIYGELDFWGQGTLVTVSSASTKGPSVFPLAPSSKSTSGGTAALGCLVKDYFPEPVTVSWNSGALTSGVHTFPAVLQSSGLYSLSSVVTVPSSSLGTQTYICNVNHKPSNTKVDKKVEPKSCDKT,EIVLTQSPATLSLSPGERATLSCRASQSVSDAYLAWYQQKPGQAPRLLIYDASSRATGVPARFSGSGSGTDFTLTISSLEPEDFAVYYCHQYIQLHSFTFGQGTKVEIKRTVAAPSVFIFPPSDEQLKSGTASVVCLLNNFYPREAKVQWKVDNALQSGNSQESVTEQDSKDSTYSLSSTLTLSKADYEKHKVYACEVTHQGLSSPVTKSFNRGEC
4fnl,?VQLQESGGGLVQPGESLRLSCVGSGSSFGESTLSYYAVSWVRQAPGKGLEWLSIINAGGGDIDYADSVEGRFTISRDNSKETLYLQMTNLRVEDTGVYYCAKHMSMQQVVSAGWERADLVGDAFDVWGQGTMVTVSSASTKGPSVFPLAPSSKSTSGGTAALGCLVKDYFPEPVTVSWNSGALTSGVHTFPAVLQSSGLYSLSSVVTVPSSSLGTQTYICNVNHKPSNTKVDKRVEPKSCHHHHHH,DIQLTQSPSSLSASVGDRVTLTCQASQDIRKFLNWYQQKPGKGPKLLIYDASNLQRGVPSRFSGGGSGTDFTLIISSLQPEDVGTYYCQQYDGLPFTFGGGTKVVIKRTVAAPSVFIFPPSDEQLKSGTASVVCLLNNFYPREAKVQWKVDNALQSGNSQESVTEQDSKDSTYSLSSTLTLSKADYEKHKVYACEVTHQGLSSPVTKSFNRGEC
4ptt,MAQLVESGGGVVQPGRSLTLSCAASGFTFSSHGMHWVRQAPGKGLEWVAVIASHGNVNYYADSVKGRFTISRDNSKNTLSLQMDSLRAEDTAVYYCAKESDSCGGDCSRFAFDVWGHGTMVTVSSASTKGPSVFPLAPSSKSTSGGTAALGCLVKDYFPEPVTVSWNSGALTSGVHTFPAVLQSSGLYSLSSVVTVPSSSLGTQTYICNVNHKPSNTKVDKRVEPKSCDKTHTNG,MEIVLTQSPATLSLSPGERGTLSCRASQSVGTYLAWYQHKPGQAPRPLIYDASRRATGIPARFSGSGSGTDFTLTISGLEPEDVAVYYCQHRDSWPPGATFGGGTKVEIKRTVAAPSVFIFPPSDEQLKSGTASVVCLLNNFYPREAKVQWKVDNALQSGNSQESVTEQDSKDSTYSLSSTLTLSKADYEKHKVYACEVTHQGLSSPVTKSFNRGEC
4wuk,EVQLVQSGAEVKKPGASVKVSCKASGYTFTDYHINWVRQAPGQGLEWMGWIHPNSGDTNYAQKFQGWVTMTRDTAISTAYMEVNGLKSDDTAVYYCARGGLEPRSVDYYYYGMDVWGQGTTVTVSSASTKGPSVFPLAPSSKSTSGGTAALGCLVKDYFPEPVTVSWNSGALTSGVHTFPAVLQSSGLYSLSSVVTVPSSSLGTQTYICNVNHKPSNTKVDKRVEPKSCHHHHHH,QSVLTQPPSVSVAPGQTARITCGGNDIGRKSVHWNQQKPGQAPVLVVCYDSDRPSGIPERFSGSNSGNTATLTISRVEAGDEADYYCQVWDSSSDHVIFGGGTKLTVLGQPKAAPSVTLFPPSSEELQANKATLVCLISDFYPGAVTVAWKADSSPVKAGVETTTPSKQSNNKYAASSYLSLTPEQWKSHRSYSCQVTHEGSTVEKTVAPTECS??
4yhy,EVQLVETGGGVVQPGRSLRLSCTASGFTFRDYWMSWVRQAPGKGLEWVADINPDGITRYYIDAVKGRFTISRDNAKSSLYLQMNSLGAEDTAVYYCAREFHSGLGWHFDLWGRGTLVTVSSASTKGPSVFPLAPSSKSTSGGTAALGCLVKDYFPEPVTVSWNSGALTSGVHTFPAVLQSSGLYSLSSVVTVPSSSLGTQTYICNVNHKPSNTKVDKKVEPKSCDKTHT?,SYVLTQPPSVSVAPGQTARITCGGTNIGDISVHWYQQRPGQAPLVVVYDDSDRPSGIPERFSGSNSGNTATLTISRVEAGDEADYYCQVWDDSINAYVFGTGTKVTVLRTVAAPSVFIFPPSDSQLKSGTASVVCLLNNFYPREAKVQWKVDNALQSGNSQESVTEQDSKDSTYSLSSTLTLSKADYEKHKVYACEVTHQGLSSPVTKSFNRGEC
5c2b,QVQLVQSGAEVKKPGSSVKVSCKASGGTFSSYAISWVRQAPGQGLEWMGGIIPIFGTANYAQKFQGRVTITADESTSTAYMELSSLRSEDTAVYYCAREPDYYDSSGYYPIDAFDIWGQGTTVTVSSGGGGSGGGGSGGGGSQSALTQPASVSASPGQSITISCTGTSSDVGAYDWVSWYQQHPGKAPKLLIFDVNNRPSGVSHRFSGSKSGNTASLTISGLQAEDEADYYCSSYTRRDTYVFGTGTKVTVLGE,
5d7s,QVQLVESGGGLVQPGGSLRLSCAASGFTFSSYWMNWVRQAPGKGLEWVSGIENKYAGGATYYAASVKGRFTISRDNSKNTLYLQMNSLRAEDTAVYYCARGFGTDFWGQGTLVTVSSASTKGPSVFPLAPSSKSTSGGTAALGCLVKDYFPEPVTVSWNSGALTSGVHTFPAVLQSSGLYSLSSVVTVPSSSLGTQTYICNVNHKPSNTKVDKKVEPKSEFDYKDDDDKGAPHHHHHH,DIELTQPPSVSVAPGQTARISCSGDSIGKKYAYWYQQKPGQAPVLVIYKKRPSGIPERFSGSNSGNTATLTISGTQAEDEADYYCSAWGDKGMVFGGGTKLTVLGQPKAAPSVTLFPPSSEELQANKATLVCLISDFYPGAVTVAWKADSSPVKAGVETTTPSKQSNNKYAASSYLSLTPEQWKSHRSYSCQVTHEGSTVEKTVAPTEA
5ggq,QVQLVESGGGVVQPGRSLRLDCKASGITFSNSGMHWVRQAPGKGLEWVAVIWYDGSKRYYADSVKGRFTISRDNSKNTLFLQMNSLRAEDTAVYYCATNDDYWGQGTLVTVSSASTKGPSVFPLAPSSKSTSGGTAALGCLVKDYFPEPVTVSWNSGALTSGVHTFPAVLQSSGLYSLSSVVTVPSSSLGTQTYICNVNHKPSNTKVDKKVEPKSCDKTHHHHHH,EIVLTQSPATLSLSPGERATLSCRASQSVSSYLAWYQQKPGQAPRLLIYDASNRATGIPARFSGSGSGTDFTLTISSLEPEDFAVYYCQQSSNWPRTFGQGTKVEIKRTVAAPSVFIFPPSDEQLKSGTASVVCLLNNFYPREAKVQWKVDNALQSGNSQESVTEQDSKDSTYSLSSTLTLSKADYEKHKVYACEVTHQGLSSPVTKSFNRGEC
5gks,QVQLQESGPGLVKSSETLSLTCTVSGGSISSYFWSWIRQPPGKGLEWIGYIYYSGSTNYNPSLKSRVTISLHTSKNQFSLKLSSVTAADTAVYYCARHRNWLFDYWGQGTLVTVSSASTKGPSVFPLAPSSKSTSGGTAALGCLVKDYFPEPVTVSWNSGALTSGVHTFPAVLQSSGLYSLSSVVTVPSSSLGTQTYTCNVDHKPSNTKVDKTVERKC,QSALTQPRSVSGSPGQSVTISCTGTSSDVGGYNYVSWYQQHPGKAPKVMIYDVSKRPSGVPDRFSGSKSGNTASLTISGLQAEDEADYYCCSYAGSYTYVFGTGTKVTVLGQPKANPTVTLFPPSSEELQANKATLVCLISDFYPGAVTVAWKADGSPVKAGVETTKPSKQSNNKYAASSYLSLTPEQWKSHRSYSCQVTHEGSTVEKTVAPTECS
5iie,QVTLKEFGPALVKPTQPLTLTCSFSGFSLRSSDTAVVWIRQPPGKALEWLAAIYWDDVEHINPSLKSRLSISKDSPNSLVVLTMANMDPVDTATYYCGRVRFVSGGYYTDRIDSWGPGLLVTVSSASTKGPSVFPLAPSSRSTSESTAALGCLVKDYFPEPVTVSWNSGSLTSGVHTFPAVLQSSGLYSLSSVVTVPSSSLGTQTYVCNVNHKPSNTKVDKRVEIKTCGG,QSVLTQPPSVSGAPGQRVTISCAGTKSNIGDCSVSWYQQLPGATPRLLIYQNNNRPSGVSDRFSGSKSGTSASLAITGLQTEDEADYFCLSYDTSFSGWRFGGGTRLTVLGQPKASPTVTLFPPSSEELQANKATLVCLISDFYPGVVKVAWKADGSAVNAGVETTTPSKQSNNKYAASSYLSLTSDQWKSHKSYSCQVTHEGSTVEKTVAPAECS
5nhw,?VQLVQSGAEVKKPGASVKVSCKASGYTFTSSYINWVRQAPGQGLEWMGTINPVSGSTSYAQKFQGRVTMTRDTSISTAYMELSRLRSDDTAVYYCARGGWFDYWGQGTLVTVSSASTKGPSVFPLAPSSKSTSGGTAALGCLVKDYFPEPVTVSWNSGALTSGVHTFPAVLQSSGLYSLSSVVTVPSSSLGTQTYICNVNHKPSNTKVDKKVEPKSEFDYKDDDDKGAPHHHHHH,QSALTQPASVSGSPGQSITISCTGTSSDVGSYNYVNWYQQHPGKAPKLMIYGVSKRPSGVSNRFSGSKSGNTASLTISGLQAEDEADYYCGTFAGGSYYGVFGGGTKLTVLGQPKAAPSVTLFPPSSEELQANKATLVCLISDFYPGAVTVAWKADSSPVKAGVETTTPSKQSNNKYAASSYLSLTPEQWKSHRSYSCQVTHEGSTVEKTVAPTEA
5tpl,QVQLVQSGAELKKPGASVKVSCKASGYTLSDYYVHWLRQAPGQGLEWVAWINPTSGRTISPRKFQGRVTMTTDTSMNVAYMELRGLRSDDTAVYFCARGGWISLYVDYSYYPNFDSWGQGTLVSVSGASTKGPSVFPLAPSSKSTSGGTAALGCLVKDYFPEPVTVSWNSGALTSGVHTFPAVLQSSGLYSLSSVVTVPSSSLGTQTYICNVNHKPSNTKVDKRVEPKSCDKHHHHHH,QPVLTQPASVSGSPGQSITISCTGSSSDVGSYNLVSWYQQHPGKAPKLMIYEVNKWASGVSDRFAGSKSGNTASLTISRLQAEDEANYFCSSSTNSATVIFGGGTKLTVLGQPKGAPSVTLFPPSSEELQANKATLVCLISDFYPGAVTVAWKADSSPVKAGVETTTPSKQSNNKYAASSYLSLTPEQWKSHRSYSCQVTHEGSTVEKTVAPTECS
5y9k,QVQLQQSGAEVKKPGSSVRVSCKASGGTFNNNAINWVRQAPGQGLEWMGGIIPMFGTAKYSQNFQGRVAITADESTGTASMELSSLRSEDTAVYYCARSRDLLLFPHHALSPWGRGTMVTVSSASTKGPSVFPLAPSSKSTSGGTAALGCLVKDYFPEPVTVSWNSGALTSGVHTFPAVLQSSGLYSLSSVVTVPSSSLGTQTYICNVNHKPSNTKVDKKVEPKSCDKTHHHHHH,SSELTQDPAVSVALGQTVRVTCQGDSLRSYYASWYQQKPGQAPVLVIYGKNNRPSGIPDRFSGSSSGNTASLTITGAQAEDEADYYCSSRDSSGNHWVFGGGTELTVLGQPKAAPSVTLFPPSSEELQANKATLVCLISDFYPGAVTVAWKADSSPVKAGVETTTPSKQSNNKYAASSYLSLTPEQWKSHRSYSCQVTHEGSTVEKTVAPTECS
6meg,QVQLVQSGAEVKKPGASVKVSCKASGYIFTSHGISWVRQAPGQGLEWMGWISVYNGYTNYAQNLQGRVTMTTDTSTSTAYMELRSLRSDDTAVYFCARASQIRGVDYWGQGTLVTVSSASTKGPSVFPLAPSSKSTSGGTAALGCLVKDYFPEPVTVSWNSGALTSGVHTFPAVLQSSGLYSLSSVVTVPSSSLGTQTYICNVNHKPSNTKVDKRVEPKSCDKTHHHHHH,QSVLTQPPSASGTPGQRVTISCSGSSSNIGSNYVYWYQQFPGTAPKLLIYGNNQRPSGVPDRFSGSKSGTSASLAISGLRSEDEADYYCAAWDDSLSGPWVFGGGTQVTVLGQPKAAPSVTLFPPSSEELQANKATLVCLISDFYPGAVTVAWKADSSPVKAGVETTTPSKQSNNKYAASSYLSLTPEQWKSHRSYSCQVTHEGSTVEKTVAPTECS
6q1j,QVQLQESGPGLVKPSGTLSLTCAVSGGSISSSQWWSWVRQPPGKGLEWIGEISHGVYTNYNPSLKSRVTISADKSQNQFSLNLSSVTAADTAVYYCARAPPYCSSASCPDDYYYFFLDVWGKGTTVTVSGASTKGPSVFPLAPSSKSTSGGTAALGCLVKDYFPEPVTVSWNSGALTSGVHTFPAVLQSSGLYSLSSVVTVPSSSLGTQTYICNVNHKPSNTKVDKRVEPKSCDKHHHHHH,SSELTQDPAVSVALGQTVRITCQGDSLRGYYASWHQQKPGQAPVLVIYGKNNRPSGIPDRFSGSRSGNTASLTITGAQAEDEADYYCASRDSSGNHPVVFGGGTKLTVLGQPKGAPSVTLFPPSSEELQANKATLVCLISDFYPGAVTVAWKADSSPVKAGVETTTPSKQSNNKYAASSYLSLTPEQWKSHRSYSCQVTHEGSTVEKTVAPTECS
6q1k,QVQLQESGPGLVKPSGTLSLTCAVSGGSISSSNWWSWVRQPPGKGLEWIGEIYHGGSTNYNPSLKSRVTISVDKSKNQFSLKLSSVTAADTAVYYCARAPPYCTSASCPDDYYYYYMDVWGKGTTVTVSGASTKGPSVFPLAPSSKSTSGGTAALGCLVKDYFPEPVTVSWNSGALTSGVHTFPAVLQSSGLYSLSSVVTVPSSSLGTQTYICNVNHKPSNTKVDKRVEPKSCDKHHHHHH,ASSSELTQDPAVSVALGQTVRITCQGDSLRGYYASWYQQKPGQAPVLVIYGKNNRPSGIPDRFSGSSSGNTASLTITGAQAEDEADYYCNSRDSSGNHPVVFGGGTKLTVLGQPKGAPSVTLFPPSSEELQANKATLVCLISDFYPGAVTVAWKADSSPVKAGVETTTPSKQSNNKYAASSYLSLTPEQWKSHRSYSCQVTHEGSTVEKTVAPTECS
7rpt,EVQLLESGGGLVKPGGSLRLSCAASGFTFNEYMMNWVRQPPGKGLEWVSSISGTSTYINYADSVKGRFTISRDNAKNSLYLQMNSLRSDDTAMYYCARGSTGGYWGQGTLITVSSASTKGPSVFPLAPSSKSTSGGTAALGCLVKDYFPEPVTVSWNSGALTSGVHTFPAVLQSSGLYSLSSVVTVPSSSLGTQTYICNVNHKPSNTKVDKKVEPKSC,DIVMTQTPLSSAVTLGQPASISCRSSQRLVHSDGNTYLSWLHQRPGQPPRLLIYKVSLRFSGVPDRFSGSGAGTDFTLKISRVEAEDVGIYYCMQATQFPLTFGGGTKVEIKRTVAAPSVFIFPPSDEQLKSGTASVVCLLNNFYPREAKVQWKVDNALQSGNSQESVTEQDSKDSTYSLSSTLTLSKADYEKHKVYACEVTHQGLSSPVTKSFNRGEC
7sjm,EVQLVQSGAEVKKPGASVKVSCKASGYKFTDSEMHWVRQAPGQGLEWIGGVDPETEGAAYNQKFKGRATITRDTSTSTAYLELSSLRSEDTAVYYCTRGYDYDYALDYWGQGTLVTVSSASTKGPSVFPLAPSSKSTSGGTAALGCLVKDYFPEPVTVSWNSGALTSGVHTFPAVLQSSGLYSLSSVVTVPSSSLGTQTYICNVNHKPSNTKVDKKVEPKSCDKTHT,DIQMTQSPSSLSASVGDRVTITCRASSSVEFIHWYQQKPGKAPKPLISATSNLASGVPSRFSGSGSGTDFTLTISSLQPEDFATYYCQQWSSAPWTFGQGTKVEIKRTVAAPSVFIFPPSDEQLKSGTASVVCLLNNFYPREAKVQWKVDNALQSGNSQESVTEQDSKDSTYSLSSTLTLSKADYEKHKVYACEVTHQGLSSPVTKSFNRGEC
3u7w,?VRLSQSGGQMKKPGESMRLSCRASGYEFLNCPINWIRLAPGRRPEWMGWLKPRGGAVNYARKFQGRVTMTRDVYSDTAFLELRSLTSDDTAVYFCTRGKYCTARDYYNWDFEHWGRGAPVTVSSASTKGPSVFPLAPSSKSTSGGTAALGCLVKDYFPEPVTVSWNSGALTSGVHTFPAVLQSSGLYSLSSVVTVPSSSLGTQTYICNVNHKPSNTKVDKRVEPKSCD,EIVLTQSPATLSLSPGETAIISCRTSQSGSLAWYQQRPGQAPRLVIYSGSTRAAGIPDRFSGSRWGADYNLSISNLESGDFGVYYCQQYEFFGQGTKVQVDIKRTVAAPSVFIFPPSDEQLKSGTASVVCLLNNFYPREAKVQWKVDNALQSGNSQESVTEQDSKDSTYSLSSTLTLSKADYEKHKVYACEVTHQGLSSPVTKSFNRGEC
4o5l,EVQLVESGAEVKKPGSSVKVSCRASGTFYKYAINWVRQAPGQGLEWMGGIIPFFGTTNYAQKFQGRLTITADGSTNTAYMQLDSLRSEDTAVYYCAGPSITESHYCLDCAAKDYYYGLDVWGQGTTVTVSSASTKGPSVFPLAPSSKSTSGGTAALGCLVKDYFPEPVTVSWNSGALTSGVHTFPAVLQSSGLYSLSSVVTVPSSSLGTQTYICNVNHKPSNTKVDKKVEPKSCHHHHHH,QSVLTQPPSASGTPGQSVTISCSGSRSNIGGNTVNWYQHLPGMAPKLLIYSSNQRSSGVPDRFSGSKSGTSASLAISGLQSEDDADYYCASWDDSLNGVVFGGGTKLTVLGQPKAAPSVTLFPPSSEELQANKATLVCLISDFYPGAVTVAWKADSSPVKAGVETTTPSKQSNNKYAASSYLSLTPEQWKSHKSYSCQVTHEGSTVEKTVAPTECSARLGGGDYKDDDDK
5whj,EVQLLESGGGLVQPGGSLRLSCAASGFTFSEYAMGWVRQAPGKGLEWVSSIGSSGGQTKYADSVKGRFTISRDNSKNTLYLQMNSLRAEDTAVYYCARLAIGDSYWGQGTMVTVSSASTKGPSVFPLAPSSKSTSGGTAALGCLVKDYFPEPVTVSWNSGALTSGVHTFPAVLQSSGLYSLSSVVTVPSSSLGTQTYICNVNHKPSNTKVDKRVEPKSC,QSALTQPASVSGSPGQSITISCTGTGSDVGSYNLVSWYQQHPGKAPKLMIYGDSQRPSGVSNRFSGSKSGNTASLTISGLQAEDEADYYCASYAGSGIYVFGTGTKVTVLGQPKANPTVTLFPPSSEELQANKATLVCLISDFYPGAVTVAWKADGSPVKAGVETTKPSKQSNNKYAASSYLSLTPEQWKSHRSYSCQVTHEGSTVEKTVAPTECS
6b0w,EVQLQESGGGLVKPGGSLRLSCAASGFTFSSYSMNWVRQAPGKGLEWVSSITSSSSYIYYADSVKGRFTISRDNAKNSLYLQMNSLRAEDTAVYYCARDPGIAAADNHWFDPWGQGTLVTVSSASTKGPSVFPLAPSSSSKSGGTAALGCLVKDYFPEPVTVSWNSGALTSGVHTFPAVLQSSGLYSLSSVVTVPSSSLGTQTYICNVNHKPSNTKVDKRVEPKSC,SAYELTQPPSVSVSPGQTASITCSGDKLGDKYACWYQQKPGQSPVVVIYQDTKRPSGIPERFSGSNSGNTATLTISGTQAMDEADYYCQAWDSSTVVFGGGTKLTVLGQPKAAPSVTLFPPSSEELQANKATLVCLISDFYPGAVTVAWKADSSPVKAGVETTTPSKQSNNKYAASSYLSLTPEQWKSHRSYSCQVTHEGSTVEKTVAPTECS
6be2,QVQLQESGPGLVKPSETLSLTCTVSGGSISGYYWSWIRQPPGKGLEWIGYIHYSRSTNSNPALKSRVTISSDTSKNQLSLRLSSVTAADTAVYYCARDTYYYDSGDYEDAFDIWGQGTMVTVSSASTKGPSVFPLAPSSKSTSGGTAALGCLVKDYFPEPVTVSWNSGALTSGVHTFPAVLQSSGLYSLSSVVTVPSSSLGTQTYICNVNHKPSNTKVDKKAEPKSC,QLVLTQSPSASASLGASVKLTCTLSSGHSNYAIAWHQQQPGKGPRYLMKVNRDGSHIRGDGIPDRFSGSTSGAERYLTISSLQSEDEADYYCQTWGAGIRVFGGGTKLTVLGQPKAAPSVTLFPPSSEELQANKATLVCLISDFYPGAVTVAWKADGSPVKAGVETTTPSKQSNNKYAASSYLSLTPEQWKSHRSYSCQVTHEGSTVEKTVAPTECS
6ss0,,
7re9,EVQLVQSGAEVKKPGESLTISCKASGYSFPNYWITWVRQMSGGGLEWMGRIDPGDSYTTYNPSFQGHVTISIDKSTNTAYLHWNSLKASDTAMYYCARYYVSLVDIWGQGTLVTVSSASTKGPSVFPLAPSSKSTSGGTAALGCLVKDYFPEPVTVSWNSGALTSGVHTFPAVLQSSGLYSLSSVVTVPSSSLGTQTYICNVNHKPSNTKVDKKVEPKSCDKTH,QSVLTQPASVSGSPGQSITISCTGTSSDVGGYNYVSWYQQHPGKAPKLMIYDVNNRPSEVSNRFSGSKSGNTASLTISGLQAEDEADYYCSSYTTGSRAVFGGGTKLTVLGQPKANPTVTLFPPSSEELQANKATLVCLISDFYPGAVTVAWKADGSPVKAGVETTKPSKQSNNKYAASSYLSLTPEQWKSHRSYSCQVTHEGSTVEKTVAPTECS
1ucb,EVNLVESGGGLVQPGGSLKVSCVTSGFTFSDYYMYWVRQTPEKRLEWVAYISQGGDITDYPDTVKGRFTISRDNAKNSLYLQMSRLKSEDTAMYYCARGLDDGAWFAYWGQGTLVTVSVASTKGPSVFPLAPSSKSTSGGTAALGCLVKDYFPQPVTVSWNSGALTSGVHTFPAVLQSSGLYSLSSVVTVPSSSLGTQTYICNVNHKPSNTKVDKRVEP,DVLMTQIPVSLPVSLGDQASISCRSSQIIVHNNGNTYLEWYLQKPGQSPQLLIYKVSNRFSGVPDRFSGSGSGTDFTLKISRVEAEDLGVYYCFQGSHVPFTFGSGTKLEIKRTVAAPSVFIFPPSDEQLKSGTASVVCLLNNFYPREAKVQWKVDNALQSGNSQESVTEQDSKDSTYSLSSTLTLSKADYEKHKVYACEVTHQGLSSPVTKSFNRGEC
4jm4,QLQMQESGPGLVKPSETLSLSCTVSGDSIRGGEWGDKDYHWGWVRHSAGKGLEWIGSIHWRGTTHYKESLRRRVSMSIDTSRNWFSLRLASVTAADTAVYFCARHRHHDVFMLVPIAGWFDVWGPGVQVTVSSASTKGPSVFPLAPSSKSTSGGTAALGCLVKDYFPEPVTVSWNSGALTSGVHTFPAVLQSSGLYSLSSVVTVPSSSLGTQTYICNVNHKPSNTKVDKRVEPKSC,EIVMTQSPDTLSVSPGETVTLSCRASQNINKNLAWYQYKPGQSPRLVIFETYSKIAAFPARFVASGSGTEFTLTINNMQSEDVAVYYCQQYEEWPRTFGQGTKVDIKRTVAAPSVFIFPPSDEQLKSGTASVVCLLNNFYPREAKVQWKVDNALQSGNSQESVTEQDSKDSTYSLSSTLTLSKADYEKHKVYACEVTHQGLSSPVTKSFNRGEC
4m5y,EVQLVESGPGLVKPSDILSLTCAVSGYSISSNYYWGWIRQPPGKGLEWIGSIYHSGSTYYKPSLESRLGISVDTSKNQFSLKLSFVSAADTAVYYCARHVRSGYPDTAYYFDKWGQGTLVTVSSASTKGPSVFPLAPSSKSTSGGTAALGCLVKDYFPEPVTVSWNSGALTSGVHTFPAVLQSSGLYSLSSVVTVPSSSLGTQTYICNVNHKPSNTKVDKRVEPKSCHHHHHH,SYVLTQPPSVSVAPGETARISCGGNNIGTKVLHWYQQTPGQAPVLVVYDDSDRPSGIPERFSGSNSGNTATLTISRVEVGDEADYYCQVWDISTDQAVFGGGTKLTVLGQPKAAPSVTLFPPSSEELQANKATLVCLISDFYPGAVTVAWKADSSPVKAGVETTTPSKQSNNKYAASSYLSLTPEQWKSHRSYSCQVTHEGSTVEKTVAPTECS
5ifa,QVQLVQSGAEVKKPGASVKVSCKASGYTFTGYYMHWVRQAPGQGLEWMGWINPNSGGTNYAQKFQGRVTMTRDTSISTAYMELSRLRSDDTAVYYCAKISGSYSFDYWGQGTLVTVSSASTKGPSVFPLAPSSKSTSGGTAALGCLVKDYFPEPVTVSWNSGALTSGVHTFPAVLQSSGLYSLSSVVTVPSSSLGTQTYICNVNHKPSNTKVDKKVEPKSC,DIVMTQSPDSLAVSLGERATINCKSSQNNKNYLAWYQQKPGQPPKLLIYWASTRESGVPDRFSGSGSGTDFTLTISSLQAEDVAVYYCQQYYSFGGGTKVEIKRTVAAPSVFIFPPSDEQLKSGTASVVCLLNNFYPREAKVQWKVDNALQSGNSQESVTEQDSKDSTYSLSSTLTLSKADYEKHKVYACEVTHQGLRSPVTKSFNRGEC
6wos,LLEQSGPEVKKPGSSVKVSCKDSGDTFNEPVTWVRQAPGQGLEWIGGIIPAFGVTKYAQKFQGRVIISADASTATAYLELSSLRSEDTAVYYCAKVGLRGIVMVGGLAMNWLDPWGQGTQVTVSSASTKGPSVFPLAPSSKSTSGGTAALGCLVKDYFPEPVTVSWNSGALTSGVHTFPAVLQSSGLYSLSSVVTVPSSSLGTQTYICNVNHKPSNTKVDKKVEPKSCGS,EIELTQSPGTLSLSPGERATLSCRASQSVSSSYLAWYQQKPGQAPRLLIYGASSRATGIPDRFSGSGSGTDFTLTISRLEPEDFAVYYCQQYGSSPQTFGQGTKVEIKRTVAAPSVFIFPPSDEQLKSGTASVVCLLNNFYPREAKVQWKVDNALQSGNSQESVTEQDSKDSTYSLSSTLTLSKADYEKHKVYACEVTHQGLSSPVTKSFNRGEC
7dun,EVQLLESGGGLVQPGGSLRLSCAVSGFTFNSFAMSWVRQAPGKGLEWVSAISGSGGGTYYADSVKGRFTISRDNSKNTLYLQMNSLRAEDTAVYFCAKDKILWFGEPVFDYWGQGTLVTVSSASTKGPSVFPLAPSSKSTSGGTAALGCLVKDYFPEPVTVSWNSGALTSGVHTFPAVLQSSGLYSLSSVVTVPSSSLGTQTYICNVNHKPSNTKVDKRVEPK,EIVLTQSPATLSLSPGERATLSCRASQSVSSYLAWYQQKPGQAPRLLIYDASNRATGIPARFSGSGSGTDFTLTISSLEPEDFAVYYCQQRSNWPPTFGQGTKVEIKRTVAAPSVFIFPPSDEQLKSGTASVVCLLNNFYPREAKVQWKVDNALQSGNSQESVTEQDSKDSTYSLSSTLTLSKADYEKHKVYACEVTHQGLSSPVTKSFNRG
4gsd,EVQLQESGPGLVKPSGTVSLTCAVSGGSISSSYWWSWVRQPPGKGLEWIGEIYHSGNTNYNPSLKSRVTISVDKSKNLFSLKLSSVTAADTAVYYCARVALFDILTGGWFDPWGQGTLVTVSSAGTKGPSVFPLAPSSKSTSGGTAALGCLVKDYFPEPVTVSWNSGALTSGVHTFPAVLQSSGLYSLSSVVTVPSSSLGTQTYICNVNHKPSNTKVDKRVEPKSC,SYELTQPPSVSVSPGQTVNITCSGDTLGDKYVCWYQQKPGQSPVLVIYQDTKRPSGIPERFSGSNSGDTATLTVSGTQAMDEADYYCQAWDSSSFVFGTGTKVTVLRQPKANPTVTLFPPSSEELQANKATLVCLISDFYPGAVTVAWKADGSPVKAGVETTKPSKQSNNKYAASSYLSLTPEQWKSHRSYSCQVTHEGSTVEKTVAPTECS
4osu,QVQLVQSGAEVRKPGASVKVSCKASGYSLKDHYMVWVRQAPGQGLEWMGWINPQSGGTGYGQKFQGRVTMTRDTSTNTAYMILSSLRSDDTAVYFCARDGAKTVSNSGLSLLYYHNRLDAWGQGTMVTVSSASTKGPSVFPLAPSSKSTSGGTAALGCLVKDYFPEPVTVSWNSGALTSGVHTFPAVLQSSGLYSLSSVVTVPSSSLGTQTYICNVNHKPSNTKVDKKVEPKSC,QSVLTQPPSVSAAPGQMVTISCSGSSSNIGKNYVSWYQQLPGAAPKLLIFDNNKRPSGTPDRFSGSKSGTSATLVITGLQTGDEADYYCGTPDRSLSVIFGGGTKVTVLGQPKAAPSVTLFPPSSEELQANKATLVCLISDFYPGAVTVAWKADSSPVKAGVETTTPSKQSNNKYAASSYLSLTPEQWKSHRSYSCQVTHEGSTVEKTVAPTECS
5i8e,QEVLVQSGAEVKKPGASVKVSCRAFGYTFTGNALHWVRQAPGQGLEWLGWINPHSGDTTTSQKFQGRVYMTRDKSINTAFLDVTRLTSDDTGIYYCARDKYYGNEAVGMDVWGQGTSVTVSSASTKGPSVFPLAPSSKSTSGGTAALGCLVKDYFPEPVTVSWNSGALTSGVHTFPAVLQSSGLYSLSSVVTVPSSSLGTQTYICNVNHKPSNTKVDKKVEP,IQLTQSPSFLSASVGDKVTITCRASQGVRNELAWYQQKPGKAPNLLIYYASTLQSGVPSRFSATGSGTHFTLTVSSLQPEDFATYFCQHMSSYPLTFGGGTKVEIKRTVAAPSVFIFPPSDEQLKSGTASVVCLLNNFYPREAKVQWKVDNALQSGNSQESVTEQDSKDSTYSLSSTLTLSKADYEKHKVYACEVTHQGLSSPVTKSFNA
5od0,?VQLEESGPGLVRPSETLSLSCTVSGFPMSESYFWGWIRQSPGKGLEWLGSVIHTGTTYYRPSLESRLTIAMDPSKNQVSLSLTSVTVADSAMYYCVRIRGGSSNWLDPWGPGIVVTASSAKTTPPSVYPLAPGCGDTTGSSVTLGCLVKGYFPESVTVTWNSGSLSSSVHTFPALLQSGLYTMSSSVTVPSSTWPSQTVTCSVAHPASSTTVDKKIEPR,?SVWTQPPSVSAAPGQKVTISCSGDDSILRSAFVSWYQQVPGSAPKLVIFDDRQRPSGIPARFSGSNSGTTATLDIAGLQRGDEADYYCAAWNGRLSAFVFGSGTKLTVLGQPKSSPSVTLFPPSSEELETNKATLVCTITDFYPGVVTVDWKVDGTPVTQGMETTQPSKQSNNKYMASSYLTLTARAWERHSSYSCQVTHEGHTVEKSLSRADCS
5ur8,EVQLVQSGAELKKPGESLKISCKASGYTFTNYWVVWVRQMPGEGLEWMGSIHPRDSDARYSLSFEGRVTFSVDKSTTTAYLQWSSLKVSDSAIYYCARLSQVSGWSPWVGPWGQGTLVTVSSASTKGPSVFPLAPSSKSTSGGTAALGCLVKDYFPEPVTVSWNSGALTSGVHTFPAVLQSSGLYSLSSVVTVPSSSLGTQTYICNVNHKPSNTKVDKKVEPKSCDKLEHHHHHH,ADIVMTQSPSSLSASVGDRVTITCRASQSISVSLNWYQQKPGKAPKVLIYAASRLQSGIPSRFSGSGSGSHFTLTISSLQPEDFATYYCQETYSDLMYTFGQGTKVEIKRTVAAPSVFIFPPSDEQLKSGTASVVCLLNNFYPREAKVQWKVDNALQSGNSQESVTEQDSKDSTYSLSSTLTLSKADYEKHKVYACEVTHQGLSSPVTKSFNRGECS
6mef,QVQLEQSGAEVKKPGSSVKVSCETSGGTFDNYALNWVRQAPGQGLEWIGGVVPLFGTTRNAQKFQGRVTISDDKSTGTGHMELRSLRSEDTAVYYCVRSVTPRYCGGGFCYGEFDYWGQGTLVTVSSASTKGPSVFPLAPSSKSTSGGTAALGCLVKDYFPEPVTVSWNSGALTSGVHTFPAVLQSSGLYSLSSVVTVPSSSLGTQTYICNVNHKPSNTKVDKRVEPKSCDKTHHHHHH,EIELTQSPATLSVSPGERATLSCRASQSVSSNLAWYQQKPGQAPRLLIYGASTRATGIPARFSGSGSGTEFTLTVSRLEPEDSAVYFCQQYYRSPLTFGGGTKVEIKRTVAAPSVFIFPPSDEQLKSGTASVVCLLNNFYPREAKVQWKVDNALQSGNSQESVTEQDSKDSTYSLSSTLTLSKADYEKHKVYACEVTHQGLSSPVTKSFNRGEC
7n04,QVQLVQSGGGVVKPGASLRLACSASGFTFTDYYMSWIRQTPGKGLQWLAYITKDGSEKKYADSLQGRFAVSRDNANNLVFLQLNTVEDDDTGVYYCARDDGYYDRSGYYGVFDLWGQGIRVTVSSASTKGPSVFPLAPSSKSTSGGTAALGCLVKDYFPEPVTVSWNSGALTSGVHTFPAVLQSSGLYSLSSVVTVPSSSLGTQTYICNVNHKPSNTKVDKKVEPKSCGRLVPRGSHHHHHHHHHH,EFLLTQSPDSLAVTLGETATITCRSSRNILHSLNNKNYLAWYQQRPGQAPKLLVIWASMRVSGVADRFSGSGSGTDFALTISSLQPEDAAVYYCQHYYTTHRTFGQGTRVEIRRTVAAPSVFIFPPSDEQLKSGTASVVCLLNNFYPREAKVQWKVDNALQSGNSQESVTEQDSKDSTYSLSSTLTLSKADYEKHKVYACEVTHQGLSSPVTKSFNRGEC
5tjd,QVQLQESGPGLVKPSETLSLTCAVSGYSISSGYYWGWIRQPPGKGLEWIGSIYHSGSTYYNPSLKSRVTISVDTSKNQFSLKLSSVTAADTAVYYCAGLTQSSHNDANWGQGTLTTVSSASTKGPSVFPLAPSSKSTSGGTAALGCLVKDYFPEPVTVSWNSGALTSGVHTFPAVLQSSGLYSLSSVVTVPSSSLGTQTYICNVNHKPSNTKVDKKVEPKSCLEHVDHHHHHH,QSVLTQPPSVSAAPGQKVTISCSGSSSNIGNNYVSWYQQLPGTAPKKLIYDNNKRPSGIPDRFSGSKSGTSATLGITGLQTGDEADYYCGTWDSSLNPVFGGGTKLEIKRTVAAPSVFIFPPSDEQLKSGTASVVCLLNNFYPREAKVQWKVDNALQSGNSQESVTEQDSKDSTYSLSSTLTLSKADYEKHKVYACEVTHQGLSSPVTKSFNRGECIDAAAAASFLEQKLISEEDLNSAVDHHHHHH
3eyo,QVRLVESGGGVVQPGGSLRLSCEGSGFKFGDHGIHWVRQAPGEGLQWLTVISSDGTDERYTDSVKGRFTISRDNSKNTMSLQMNNLRPEDMGLYYCARDGKCGGGRCYSGLLDYWGQGTMVTVSSASFKGPSVFPLAPSSKSTSGGTAALGCLVKDYFPEPVTVSWNSGALTSGVHTFPAVLQSSGLYSLSSVVTVPSSSLGTQTYICNVNHKPSNTKVDKKVEPKSCDKTHTGLEHHHHHH,MEIVLTQSPATLSLSPGERATLSCRASQSVGGYLTWYQHKPGQAPRLLIFDASIRATGIPARFSGSGSGTDFTLTITRLEPEDFAVYYCQQRSMWPPVTFGQGTKLEIKRTVAAPSVFIFPPSDEQLKSGTASVVCLLNNFYPREAKVQWKVDNALQSGNSQESVTEQDSKDSTYSLSSTLTLSKADYEKHKVYACEVTHQGLSSPVTKSFNRGEC
5ihz,EVQLLESGGGLVQPGGSLRLSCAASGFTFSTYAMSWVRQAPGKGLEWVSGISGSGGSTYYADSVKGRFTTSRDNSKNTLYLQMNSLRAEDTAVYYCAKFSGKGTSCRDYWGQGTLVTVSSASTKGPSVFPLAPSSKSTSGGTAALGCLVKDYFPEPVTVSWNSGALTSGVHTFPAVLQSSGLYSLSSVVTVPSSSLGTQTYICNVNHKPSNTKVDKKVEPKSCD,QLVLTQSPSASASLGASVRLTCTLSSGHSSYVIAWHQQQSEKGPRYLMKVNSDGSHSKGDGIPDRFSGSSSGAERYLTISSLQSEDEADYYCQTWGAGILVFGGGTKLTVLSQPKAAPSVTLFPPSSEELQANKATLVCLISDFYPGAVTVAWKADSSPVKAGVETTTPSKQSNNKYAASSYLSLTPEQWKSHRSYSCQVTHEGSTVEKTVAPTEC
